[
  {"model": "auth.user", "pk": 1, "fields": {"username": "alice_admin", "email": "alice@example.com", "password": "pbkdf2_sha256$870000$placeholder$placeholder=", "is_active": true, "is_staff": true, "is_superuser": true, "date_joined": "2025-01-01T10:00:00Z"}},
  {"model": "auth.user", "pk": 2, "fields": {"username": "bob_mod", "email": "bob@example.com", "password": "pbkdf2_sha256$870000$placeholder$placeholder=", "is_active": true, "is_staff": false, "is_superuser": false, "date_joined": "2025-01-02T10:00:00Z"}},
  {"model": "auth.user", "pk": 3, "fields": {"username": "carol_mod", "email": "carol@example.com", "password": "pbkdf2_sha256$870000$placeholder$placeholder=", "is_active": true, "is_staff": false, "is_superuser": false, "date_joined": "2025-01-03T10:00:00Z"}},
  {"model": "auth.user", "pk": 4, "fields": {"username": "dave", "email": "dave@example.com", "password": "pbkdf2_sha256$870000$placeholder$placeholder=", "is_active": true, "is_staff": false, "is_superuser": false, "date_joined": "2025-01-04T10:00:00Z"}},
  {"model": "auth.user", "pk": 5, "fields": {"username": "eve", "email": "eve@example.com", "password": "pbkdf2_sha256$870000$placeholder$placeholder=", "is_active": true, "is_staff": false, "is_superuser": false, "date_joined": "2025-01-05T10:00:00Z"}},
  {"model": "auth.user", "pk": 6, "fields": {"username": "frank", "email": "frank@example.com", "password": "pbkdf2_sha256$870000$placeholder$placeholder=", "is_active": true, "is_staff": false, "is_superuser": false, "date_joined": "2025-01-06T10:00:00Z"}},
  {"model": "auth.user", "pk": 7, "fields": {"username": "grace", "email": "grace@example.com", "password": "pbkdf2_sha256$870000$placeholder$placeholder=", "is_active": true, "is_staff": false, "is_superuser": false, "date_joined": "2025-01-07T10:00:00Z"}},
  {"model": "auth.user", "pk": 8, "fields": {"username": "henry", "email": "henry@example.com", "password": "pbkdf2_sha256$870000$placeholder$placeholder=", "is_active": true, "is_staff": false, "is_superuser": false, "date_joined": "2025-01-08T10:00:00Z"}},
  {"model": "auth.user", "pk": 9, "fields": {"username": "iris", "email": "iris@example.com", "password": "pbkdf2_sha256$870000$placeholder$placeholder=", "is_active": true, "is_staff": false, "is_superuser": false, "date_joined": "2025-01-09T10:00:00Z"}},
  {"model": "auth.user", "pk": 10, "fields": {"username": "jack", "email": "jack@example.com", "password": "pbkdf2_sha256$870000$placeholder$placeholder=", "is_active": true, "is_staff": false, "is_superuser": false, "date_joined": "2025-01-10T10:00:00Z"}},
  {"model": "auth.user", "pk": 11, "fields": {"username": "kate", "email": "kate@example.com", "password": "pbkdf2_sha256$870000$placeholder$placeholder=", "is_active": true, "is_staff": false, "is_superuser": false, "date_joined": "2025-01-11T10:00:00Z"}},
  {"model": "auth.user", "pk": 12, "fields": {"username": "leo", "email": "leo@example.com", "password": "pbkdf2_sha256$870000$placeholder$placeholder=", "is_active": true, "is_staff": false, "is_superuser": false, "date_joined": "2025-01-12T10:00:00Z"}},
  {"model": "auth.user", "pk": 13, "fields": {"username": "mia", "email": "mia@example.com", "password": "pbkdf2_sha256$870000$placeholder$placeholder=", "is_active": true, "is_staff": false, "is_superuser": false, "date_joined": "2025-01-13T10:00:00Z"}},
  {"model": "auth.user", "pk": 14, "fields": {"username": "noah", "email": "noah@example.com", "password": "pbkdf2_sha256$870000$placeholder$placeholder=", "is_active": true, "is_staff": false, "is_superuser": false, "date_joined": "2025-01-14T10:00:00Z"}},
  {"model": "auth.user", "pk": 15, "fields": {"username": "olivia", "email": "olivia@example.com", "password": "pbkdf2_sha256$870000$placeholder$placeholder=", "is_active": true, "is_staff": false, "is_superuser": false, "date_joined": "2025-01-15T10:00:00Z"}},
  {"model": "auth.user", "pk": 16, "fields": {"username": "paul", "email": "paul@example.com", "password": "pbkdf2_sha256$870000$placeholder$placeholder=", "is_active": true, "is_staff": false, "is_superuser": false, "date_joined": "2025-01-16T10:00:00Z"}},
  {"model": "auth.user", "pk": 17, "fields": {"username": "quinn", "email": "quinn@example.com", "password": "pbkdf2_sha256$870000$placeholder$placeholder=", "is_active": true, "is_staff": false, "is_superuser": false, "date_joined": "2025-01-17T10:00:00Z"}},
  {"model": "auth.user", "pk": 18, "fields": {"username": "rose", "email": "rose@example.com", "password": "pbkdf2_sha256$870000$placeholder$placeholder=", "is_active": true, "is_staff": false, "is_superuser": false, "date_joined": "2025-01-18T10:00:00Z"}},
  {"model": "auth.user", "pk": 19, "fields": {"username": "sam", "email": "sam@example.com", "password": "pbkdf2_sha256$870000$placeholder$placeholder=", "is_active": true, "is_staff": false, "is_superuser": false, "date_joined": "2025-01-19T10:00:00Z"}},
  {"model": "auth.user", "pk": 20, "fields": {"username": "tina", "email": "tina@example.com", "password": "pbkdf2_sha256$870000$placeholder$placeholder=", "is_active": true, "is_staff": false, "is_superuser": false, "date_joined": "2025-01-20T10:00:00Z"}},
  {"model": "auth.user", "pk": 21, "fields": {"username": "uma", "email": "uma@example.com", "password": "pbkdf2_sha256$870000$placeholder$placeholder=", "is_active": true, "is_staff": false, "is_superuser": false, "date_joined": "2025-01-21T10:00:00Z"}},
  {"model": "auth.user", "pk": 22, "fields": {"username": "victor", "email": "victor@example.com", "password": "pbkdf2_sha256$870000$placeholder$placeholder=", "is_active": true, "is_staff": false, "is_superuser": false, "date_joined": "2025-01-22T10:00:00Z"}},
  {"model": "auth.user", "pk": 23, "fields": {"username": "wendy", "email": "wendy@example.com", "password": "pbkdf2_sha256$870000$placeholder$placeholder=", "is_active": true, "is_staff": false, "is_superuser": false, "date_joined": "2025-01-23T10:00:00Z"}},
  {"model": "auth.user", "pk": 24, "fields": {"username": "xander", "email": "xander@example.com", "password": "pbkdf2_sha256$870000$placeholder$placeholder=", "is_active": true, "is_staff": false, "is_superuser": false, "date_joined": "2025-01-24T10:00:00Z"}},
  {"model": "auth.user", "pk": 25, "fields": {"username": "yara", "email": "yara@example.com", "password": "pbkdf2_sha256$870000$placeholder$placeholder=", "is_active": true, "is_staff": false, "is_superuser": false, "date_joined": "2025-01-25T10:00:00Z"}},
  {"model": "auth.user", "pk": 26, "fields": {"username": "zoe", "email": "zoe@example.com", "password": "pbkdf2_sha256$870000$placeholder$placeholder=", "is_active": true, "is_staff": false, "is_superuser": false, "date_joined": "2025-01-26T10:00:00Z"}},
  {"model": "auth.user", "pk": 27, "fields": {"username": "alan", "email": "alan@example.com", "password": "pbkdf2_sha256$870000$placeholder$placeholder=", "is_active": true, "is_staff": false, "is_superuser": false, "date_joined": "2025-01-27T10:00:00Z"}},
  {"model": "auth.user", "pk": 28, "fields": {"username": "bella", "email": "bella@example.com", "password": "pbkdf2_sha256$870000$placeholder$placeholder=", "is_active": true, "is_staff": false, "is_superuser": false, "date_joined": "2025-01-28T10:00:00Z"}},
  {"model": "auth.user", "pk": 29, "fields": {"username": "charlie", "email": "charlie@example.com", "password": "pbkdf2_sha256$870000$placeholder$placeholder=", "is_active": true, "is_staff": false, "is_superuser": false, "date_joined": "2025-01-29T10:00:00Z"}},
  {"model": "auth.user", "pk": 30, "fields": {"username": "diana", "email": "diana@example.com", "password": "pbkdf2_sha256$870000$placeholder$placeholder=", "is_active": true, "is_staff": false, "is_superuser": false, "date_joined": "2025-01-30T10:00:00Z"}},
  {"model": "auth.user", "pk": 31, "fields": {"username": "ethan", "email": "ethan@example.com", "password": "pbkdf2_sha256$870000$placeholder$placeholder=", "is_active": true, "is_staff": false, "is_superuser": false, "date_joined": "2025-01-31T10:00:00Z"}},
  {"model": "auth.user", "pk": 32, "fields": {"username": "fiona", "email": "fiona@example.com", "password": "pbkdf2_sha256$870000$placeholder$placeholder=", "is_active": true, "is_staff": false, "is_superuser": false, "date_joined": "2025-02-01T10:00:00Z"}},
  {"model": "auth.user", "pk": 33, "fields": {"username": "george", "email": "george@example.com", "password": "pbkdf2_sha256$870000$placeholder$placeholder=", "is_active": true, "is_staff": false, "is_superuser": false, "date_joined": "2025-02-02T10:00:00Z"}},

  {"model": "accounts.profile", "pk": 1, "fields": {"user": 1, "role": "admin", "bio": "Site administrator."}},
  {"model": "accounts.profile", "pk": 2, "fields": {"user": 2, "role": "moderator", "bio": "Content moderator."}},
  {"model": "accounts.profile", "pk": 3, "fields": {"user": 3, "role": "moderator", "bio": "Content moderator."}},
  {"model": "accounts.profile", "pk": 4, "fields": {"user": 4, "role": "user", "bio": ""}},
  {"model": "accounts.profile", "pk": 5, "fields": {"user": 5, "role": "user", "bio": ""}},
  {"model": "accounts.profile", "pk": 6, "fields": {"user": 6, "role": "user", "bio": ""}},
  {"model": "accounts.profile", "pk": 7, "fields": {"user": 7, "role": "user", "bio": ""}},
  {"model": "accounts.profile", "pk": 8, "fields": {"user": 8, "role": "user", "bio": ""}},
  {"model": "accounts.profile", "pk": 9, "fields": {"user": 9, "role": "user", "bio": ""}},
  {"model": "accounts.profile", "pk": 10, "fields": {"user": 10, "role": "user", "bio": ""}},
  {"model": "accounts.profile", "pk": 11, "fields": {"user": 11, "role": "user", "bio": ""}},
  {"model": "accounts.profile", "pk": 12, "fields": {"user": 12, "role": "user", "bio": ""}},
  {"model": "accounts.profile", "pk": 13, "fields": {"user": 13, "role": "user", "bio": ""}},
  {"model": "accounts.profile", "pk": 14, "fields": {"user": 14, "role": "user", "bio": ""}},
  {"model": "accounts.profile", "pk": 15, "fields": {"user": 15, "role": "user", "bio": ""}},
  {"model": "accounts.profile", "pk": 16, "fields": {"user": 16, "role": "user", "bio": ""}},
  {"model": "accounts.profile", "pk": 17, "fields": {"user": 17, "role": "user", "bio": ""}},
  {"model": "accounts.profile", "pk": 18, "fields": {"user": 18, "role": "user", "bio": ""}},
  {"model": "accounts.profile", "pk": 19, "fields": {"user": 19, "role": "user", "bio": ""}},
  {"model": "accounts.profile", "pk": 20, "fields": {"user": 20, "role": "user", "bio": ""}},
  {"model": "accounts.profile", "pk": 21, "fields": {"user": 21, "role": "user", "bio": ""}},
  {"model": "accounts.profile", "pk": 22, "fields": {"user": 22, "role": "user", "bio": ""}},
  {"model": "accounts.profile", "pk": 23, "fields": {"user": 23, "role": "user", "bio": ""}},
  {"model": "accounts.profile", "pk": 24, "fields": {"user": 24, "role": "user", "bio": ""}},
  {"model": "accounts.profile", "pk": 25, "fields": {"user": 25, "role": "user", "bio": ""}},
  {"model": "accounts.profile", "pk": 26, "fields": {"user": 26, "role": "user", "bio": ""}},
  {"model": "accounts.profile", "pk": 27, "fields": {"user": 27, "role": "user", "bio": ""}},
  {"model": "accounts.profile", "pk": 28, "fields": {"user": 28, "role": "user", "bio": ""}},
  {"model": "accounts.profile", "pk": 29, "fields": {"user": 29, "role": "user", "bio": ""}},
  {"model": "accounts.profile", "pk": 30, "fields": {"user": 30, "role": "user", "bio": ""}},
  {"model": "accounts.profile", "pk": 31, "fields": {"user": 31, "role": "user", "bio": ""}},
  {"model": "accounts.profile", "pk": 32, "fields": {"user": 32, "role": "user", "bio": ""}},
  {"model": "accounts.profile", "pk": 33, "fields": {"user": 33, "role": "user", "bio": ""}},

  {"model": "blog.tag", "pk": 1, "fields": {"name": "Django", "slug": "django"}},
  {"model": "blog.tag", "pk": 2, "fields": {"name": "Python", "slug": "python"}},
  {"model": "blog.tag", "pk": 3, "fields": {"name": "REST API", "slug": "rest-api"}},
  {"model": "blog.tag", "pk": 4, "fields": {"name": "PostgreSQL", "slug": "postgresql"}},
  {"model": "blog.tag", "pk": 5, "fields": {"name": "Docker", "slug": "docker"}},
  {"model": "blog.tag", "pk": 6, "fields": {"name": "CI/CD", "slug": "ci-cd"}},
  {"model": "blog.tag", "pk": 7, "fields": {"name": "Testing", "slug": "testing"}},
  {"model": "blog.tag", "pk": 8, "fields": {"name": "Security", "slug": "security"}},
  {"model": "blog.tag", "pk": 9, "fields": {"name": "Performance", "slug": "performance"}},
  {"model": "blog.tag", "pk": 10, "fields": {"name": "Frontend", "slug": "frontend"}},
  {"model": "blog.tag", "pk": 11, "fields": {"name": "React", "slug": "react"}},
  {"model": "blog.tag", "pk": 12, "fields": {"name": "DevOps", "slug": "devops"}},
  {"model": "blog.tag", "pk": 13, "fields": {"name": "AWS", "slug": "aws"}},
  {"model": "blog.tag", "pk": 14, "fields": {"name": "Kubernetes", "slug": "kubernetes"}},
  {"model": "blog.tag", "pk": 15, "fields": {"name": "Machine Learning", "slug": "machine-learning"}},
  {"model": "blog.tag", "pk": 16, "fields": {"name": "Open Source", "slug": "open-source"}},
  {"model": "blog.tag", "pk": 17, "fields": {"name": "Git", "slug": "git"}},
  {"model": "blog.tag", "pk": 18, "fields": {"name": "Linux", "slug": "linux"}},
  {"model": "blog.tag", "pk": 19, "fields": {"name": "Celery", "slug": "celery"}},
  {"model": "blog.tag", "pk": 20, "fields": {"name": "Redis", "slug": "redis"}},
  {"model": "blog.tag", "pk": 21, "fields": {"name": "GraphQL", "slug": "graphql"}},
  {"model": "blog.tag", "pk": 22, "fields": {"name": "WebSockets", "slug": "websockets"}},
  {"model": "blog.tag", "pk": 23, "fields": {"name": "Authentication", "slug": "authentication"}},
  {"model": "blog.tag", "pk": 24, "fields": {"name": "Deployment", "slug": "deployment"}},
  {"model": "blog.tag", "pk": 25, "fields": {"name": "Monitoring", "slug": "monitoring"}},
  {"model": "blog.tag", "pk": 26, "fields": {"name": "Clean Code", "slug": "clean-code"}},
  {"model": "blog.tag", "pk": 27, "fields": {"name": "Architecture", "slug": "architecture"}},
  {"model": "blog.tag", "pk": 28, "fields": {"name": "TypeScript", "slug": "typescript"}},
  {"model": "blog.tag", "pk": 29, "fields": {"name": "Microservices", "slug": "microservices"}},
  {"model": "blog.tag", "pk": 30, "fields": {"name": "Caching", "slug": "caching"}},
  {"model": "blog.tag", "pk": 31, "fields": {"name": "Nginx", "slug": "nginx"}},
  {"model": "blog.tag", "pk": 32, "fields": {"name": "Async", "slug": "async"}},
  {"model": "blog.tag", "pk": 33, "fields": {"name": "DRF", "slug": "drf"}},

  {"model": "blog.post", "pk": 1, "fields": {"title": "Getting Started with Django", "slug": "getting-started-with-django", "author": 1, "body": "Django is a high-level Python web framework that encourages rapid development and clean, pragmatic design.", "excerpt": "An introduction to Django.", "status": "published", "tags": [1, 2], "created_at": "2025-01-10T09:00:00Z", "updated_at": "2025-01-10T09:00:00Z", "published_at": "2025-01-10T09:00:00Z"}},
  {"model": "blog.post", "pk": 2, "fields": {"title": "Building REST APIs with DRF", "slug": "building-rest-apis-with-drf", "author": 2, "body": "Django REST Framework is a powerful toolkit for building Web APIs.", "excerpt": "Learn how to build REST APIs.", "status": "published", "tags": [3, 33], "created_at": "2025-01-11T09:00:00Z", "updated_at": "2025-01-11T09:00:00Z", "published_at": "2025-01-11T09:00:00Z"}},
  {"model": "blog.post", "pk": 3, "fields": {"title": "PostgreSQL Tips and Tricks", "slug": "postgresql-tips-and-tricks", "author": 3, "body": "PostgreSQL is a powerful, open-source object-relational database system.", "excerpt": "Useful PostgreSQL tips.", "status": "published", "tags": [4], "created_at": "2025-01-12T09:00:00Z", "updated_at": "2025-01-12T09:00:00Z", "published_at": "2025-01-12T09:00:00Z"}},
  {"model": "blog.post", "pk": 4, "fields": {"title": "Dockerizing Your Django App", "slug": "dockerizing-your-django-app", "author": 4, "body": "Docker makes it easy to package your application and its dependencies.", "excerpt": "Containerize Django with Docker.", "status": "published", "tags": [5, 24], "created_at": "2025-01-13T09:00:00Z", "updated_at": "2025-01-13T09:00:00Z", "published_at": "2025-01-13T09:00:00Z"}},
  {"model": "blog.post", "pk": 5, "fields": {"title": "CI/CD Pipelines Explained", "slug": "cicd-pipelines-explained", "author": 5, "body": "Continuous integration and continuous delivery streamline your development workflow.", "excerpt": "Understanding CI/CD.", "status": "published", "tags": [6, 12], "created_at": "2025-01-14T09:00:00Z", "updated_at": "2025-01-14T09:00:00Z", "published_at": "2025-01-14T09:00:00Z"}},
  {"model": "blog.post", "pk": 6, "fields": {"title": "Writing Tests in Django", "slug": "writing-tests-in-django", "author": 6, "body": "Testing is a crucial part of software development. Django provides a robust testing framework.", "excerpt": "How to write Django tests.", "status": "published", "tags": [7, 1], "created_at": "2025-01-15T09:00:00Z", "updated_at": "2025-01-15T09:00:00Z", "published_at": "2025-01-15T09:00:00Z"}},
  {"model": "blog.post", "pk": 7, "fields": {"title": "Django Security Best Practices", "slug": "django-security-best-practices", "author": 7, "body": "Security is paramount. Learn how to secure your Django application.", "excerpt": "Keep your Django app secure.", "status": "published", "tags": [8, 23], "created_at": "2025-01-16T09:00:00Z", "updated_at": "2025-01-16T09:00:00Z", "published_at": "2025-01-16T09:00:00Z"}},
  {"model": "blog.post", "pk": 8, "fields": {"title": "Optimising Django Performance", "slug": "optimising-django-performance", "author": 8, "body": "Performance tuning is essential for production applications.", "excerpt": "Speed up your Django app.", "status": "published", "tags": [9, 30], "created_at": "2025-01-17T09:00:00Z", "updated_at": "2025-01-17T09:00:00Z", "published_at": "2025-01-17T09:00:00Z"}},
  {"model": "blog.post", "pk": 9, "fields": {"title": "React and Django Together", "slug": "react-and-django-together", "author": 9, "body": "Combining React on the frontend with Django on the backend is a popular stack.", "excerpt": "Full-stack with React and Django.", "status": "published", "tags": [10, 11, 1], "created_at": "2025-01-18T09:00:00Z", "updated_at": "2025-01-18T09:00:00Z", "published_at": "2025-01-18T09:00:00Z"}},
  {"model": "blog.post", "pk": 10, "fields": {"title": "Introduction to Kubernetes", "slug": "introduction-to-kubernetes", "author": 10, "body": "Kubernetes automates deployment, scaling, and management of containerised applications.", "excerpt": "Getting started with Kubernetes.", "status": "published", "tags": [14, 5, 12], "created_at": "2025-01-19T09:00:00Z", "updated_at": "2025-01-19T09:00:00Z", "published_at": "2025-01-19T09:00:00Z"}},
  {"model": "blog.post", "pk": 11, "fields": {"title": "Machine Learning with Python", "slug": "machine-learning-with-python", "author": 11, "body": "Python is the dominant language in the machine learning ecosystem.", "excerpt": "ML basics with Python.", "status": "published", "tags": [15, 2], "created_at": "2025-01-20T09:00:00Z", "updated_at": "2025-01-20T09:00:00Z", "published_at": "2025-01-20T09:00:00Z"}},
  {"model": "blog.post", "pk": 12, "fields": {"title": "Contributing to Open Source", "slug": "contributing-to-open-source", "author": 12, "body": "Open source contribution is a great way to grow your skills and give back.", "excerpt": "How to contribute to open source.", "status": "published", "tags": [16, 17], "created_at": "2025-01-21T09:00:00Z", "updated_at": "2025-01-21T09:00:00Z", "published_at": "2025-01-21T09:00:00Z"}},
  {"model": "blog.post", "pk": 13, "fields": {"title": "Linux Command Line Essentials", "slug": "linux-command-line-essentials", "author": 13, "body": "Mastering the command line is a must for any developer.", "excerpt": "Essential Linux commands.", "status": "published", "tags": [18], "created_at": "2025-01-22T09:00:00Z", "updated_at": "2025-01-22T09:00:00Z", "published_at": "2025-01-22T09:00:00Z"}},
  {"model": "blog.post", "pk": 14, "fields": {"title": "Async Tasks with Celery", "slug": "async-tasks-with-celery", "author": 14, "body": "Celery is an asynchronous task queue based on distributed message passing.", "excerpt": "Background tasks with Celery.", "status": "published", "tags": [19, 20, 32], "created_at": "2025-01-23T09:00:00Z", "updated_at": "2025-01-23T09:00:00Z", "published_at": "2025-01-23T09:00:00Z"}},
  {"model": "blog.post", "pk": 15, "fields": {"title": "Redis Caching Strategies", "slug": "redis-caching-strategies", "author": 15, "body": "Redis is an in-memory data structure store used as a cache and message broker.", "excerpt": "Speed up your app with Redis.", "status": "published", "tags": [20, 30], "created_at": "2025-01-24T09:00:00Z", "updated_at": "2025-01-24T09:00:00Z", "published_at": "2025-01-24T09:00:00Z"}},
  {"model": "blog.post", "pk": 16, "fields": {"title": "GraphQL vs REST", "slug": "graphql-vs-rest", "author": 16, "body": "GraphQL and REST are two popular API paradigms. Each has its strengths.", "excerpt": "Comparing GraphQL and REST.", "status": "published", "tags": [21, 3], "created_at": "2025-01-25T09:00:00Z", "updated_at": "2025-01-25T09:00:00Z", "published_at": "2025-01-25T09:00:00Z"}},
  {"model": "blog.post", "pk": 17, "fields": {"title": "Real-time Apps with WebSockets", "slug": "real-time-apps-with-websockets", "author": 17, "body": "WebSockets enable two-way communication between client and server.", "excerpt": "Building real-time features.", "status": "published", "tags": [22, 32], "created_at": "2025-01-26T09:00:00Z", "updated_at": "2025-01-26T09:00:00Z", "published_at": "2025-01-26T09:00:00Z"}},
  {"model": "blog.post", "pk": 18, "fields": {"title": "OAuth2 and Social Authentication", "slug": "oauth2-and-social-authentication", "author": 18, "body": "OAuth2 allows third-party services to exchange tokens for authentication.", "excerpt": "Implementing OAuth2 auth.", "status": "published", "tags": [23, 8], "created_at": "2025-01-27T09:00:00Z", "updated_at": "2025-01-27T09:00:00Z", "published_at": "2025-01-27T09:00:00Z"}},
  {"model": "blog.post", "pk": 19, "fields": {"title": "Deploying to AWS", "slug": "deploying-to-aws", "author": 19, "body": "Amazon Web Services offers a wide range of services for deploying applications.", "excerpt": "Deploy your app on AWS.", "status": "published", "tags": [13, 24], "created_at": "2025-01-28T09:00:00Z", "updated_at": "2025-01-28T09:00:00Z", "published_at": "2025-01-28T09:00:00Z"}},
  {"model": "blog.post", "pk": 20, "fields": {"title": "Application Monitoring with Prometheus", "slug": "application-monitoring-with-prometheus", "author": 20, "body": "Prometheus is a systems monitoring and alerting toolkit.", "excerpt": "Monitor your app with Prometheus.", "status": "published", "tags": [25, 12], "created_at": "2025-01-29T09:00:00Z", "updated_at": "2025-01-29T09:00:00Z", "published_at": "2025-01-29T09:00:00Z"}},
  {"model": "blog.post", "pk": 21, "fields": {"title": "Clean Code Principles", "slug": "clean-code-principles", "author": 21, "body": "Writing clean code is an art that every developer should strive for.", "excerpt": "Write better, cleaner code.", "status": "published", "tags": [26, 27], "created_at": "2025-01-30T09:00:00Z", "updated_at": "2025-01-30T09:00:00Z", "published_at": "2025-01-30T09:00:00Z"}},
  {"model": "blog.post", "pk": 22, "fields": {"title": "Software Architecture Patterns", "slug": "software-architecture-patterns", "author": 22, "body": "Good architecture makes your codebase maintainable and scalable.", "excerpt": "Common architecture patterns.", "status": "published", "tags": [27, 29], "created_at": "2025-01-31T09:00:00Z", "updated_at": "2025-01-31T09:00:00Z", "published_at": "2025-01-31T09:00:00Z"}},
  {"model": "blog.post", "pk": 23, "fields": {"title": "TypeScript for Python Developers", "slug": "typescript-for-python-developers", "author": 23, "body": "TypeScript brings static typing to JavaScript, which Python developers will appreciate.", "excerpt": "TypeScript from a Python perspective.", "status": "published", "tags": [28, 2], "created_at": "2025-02-01T09:00:00Z", "updated_at": "2025-02-01T09:00:00Z", "published_at": "2025-02-01T09:00:00Z"}},
  {"model": "blog.post", "pk": 24, "fields": {"title": "Microservices with Django", "slug": "microservices-with-django", "author": 24, "body": "Microservices architecture breaks an application into small independent services.", "excerpt": "Microservices using Django.", "status": "published", "tags": [29, 1, 5], "created_at": "2025-02-02T09:00:00Z", "updated_at": "2025-02-02T09:00:00Z", "published_at": "2025-02-02T09:00:00Z"}},
  {"model": "blog.post", "pk": 25, "fields": {"title": "Nginx as a Reverse Proxy", "slug": "nginx-as-a-reverse-proxy", "author": 25, "body": "Nginx is a high-performance web server that also works great as a reverse proxy.", "excerpt": "Set up Nginx as a reverse proxy.", "status": "published", "tags": [31, 24], "created_at": "2025-02-03T09:00:00Z", "updated_at": "2025-02-03T09:00:00Z", "published_at": "2025-02-03T09:00:00Z"}},
  {"model": "blog.post", "pk": 26, "fields": {"title": "Async Python with asyncio", "slug": "async-python-with-asyncio", "author": 26, "body": "asyncio is a library to write concurrent code using the async/await syntax.", "excerpt": "Async programming in Python.", "status": "published", "tags": [32, 2], "created_at": "2025-02-04T09:00:00Z", "updated_at": "2025-02-04T09:00:00Z", "published_at": "2025-02-04T09:00:00Z"}},
  {"model": "blog.post", "pk": 27, "fields": {"title": "Git Branching Strategies", "slug": "git-branching-strategies", "author": 27, "body": "A good branching strategy keeps your team productive and your codebase clean.", "excerpt": "Git branching best practices.", "status": "draft", "tags": [17], "created_at": "2025-02-05T09:00:00Z", "updated_at": "2025-02-05T09:00:00Z", "published_at": null}},
  {"model": "blog.post", "pk": 28, "fields": {"title": "Intro to AWS Lambda", "slug": "intro-to-aws-lambda", "author": 28, "body": "AWS Lambda lets you run code without provisioning or managing servers.", "excerpt": "Serverless with AWS Lambda.", "status": "draft", "tags": [13, 32], "created_at": "2025-02-06T09:00:00Z", "updated_at": "2025-02-06T09:00:00Z", "published_at": null}},
  {"model": "blog.post", "pk": 29, "fields": {"title": "Database Indexing Deep Dive", "slug": "database-indexing-deep-dive", "author": 29, "body": "Proper indexing is one of the most impactful ways to speed up database queries.", "excerpt": "Everything about DB indexes.", "status": "draft", "tags": [4, 9], "created_at": "2025-02-07T09:00:00Z", "updated_at": "2025-02-07T09:00:00Z", "published_at": null}},
  {"model": "blog.post", "pk": 30, "fields": {"title": "DRF Serializers in Depth", "slug": "drf-serializers-in-depth", "author": 30, "body": "Serializers allow complex data such as querysets to be converted to native Python datatypes.", "excerpt": "Master DRF serializers.", "status": "draft", "tags": [33, 3], "created_at": "2025-02-08T09:00:00Z", "updated_at": "2025-02-08T09:00:00Z", "published_at": null}},
  {"model": "blog.post", "pk": 31, "fields": {"title": "Twelve-Factor App Methodology", "slug": "twelve-factor-app-methodology", "author": 31, "body": "The twelve-factor app methodology helps you build scalable, maintainable apps.", "excerpt": "12-factor app in practice.", "status": "draft", "tags": [27, 24], "created_at": "2025-02-09T09:00:00Z", "updated_at": "2025-02-09T09:00:00Z", "published_at": null}},
  {"model": "blog.post", "pk": 32, "fields": {"title": "Pytest Advanced Techniques", "slug": "pytest-advanced-techniques", "author": 32, "body": "pytest is a mature full-featured Python testing tool.", "excerpt": "Level up your pytest skills.", "status": "draft", "tags": [7, 2], "created_at": "2025-02-10T09:00:00Z", "updated_at": "2025-02-10T09:00:00Z", "published_at": null}},
  {"model": "blog.post", "pk": 33, "fields": {"title": "From Django to FastAPI", "slug": "from-django-to-fastapi", "author": 33, "body": "FastAPI is a modern, fast web framework for building APIs with Python.", "excerpt": "Comparing Django and FastAPI.", "status": "draft", "tags": [3, 32, 2], "created_at": "2025-02-11T09:00:00Z", "updated_at": "2025-02-11T09:00:00Z", "published_at": null}}
]
